symptoms,disease
"Started with fatigue and low energy, now I also feel loss of interest in hobbies.",Depression
Experiencing nausea along with abdominal pain under ribs.,Hepatitis A
Itching in anal area,Dimorphic hemorrhoids(piles)
I feel lower pelvic pain and cloudy foul urine.,Urinary tract infection
"Started with painful bowel movements, now I also feel rectal bleeding.",Dimorphic hemorrhoids(piles)
I have skin plaques and itchy elbows.,Psoriasis
Silver scaly patches,Psoriasis
Dealing with severe frequent urge to urinate and burning sensation during urination.,Urinary tract infection
I feel spider veins and swollen purple veins on legs.,Varicose veins
Nausea and pain behind eyes which is getting worse.,Dengue
I've been suffering from congested sinus and dry cough for a few days.,Common Cold
Headache,(vertigo) Paroxysmal Positional Vertigo
"Started with constant crying spells, now I also feel feeling empty and hopeless.",Depression
Experiencing throbbing headache along with nausea.,Migraine
Fatigue and dark tea colored urine which is getting worse.,Jaundice
Nosebleeds,Hypertension
I feel sneezing and mild fever.,Common Cold
"Started with blackheads, now I also feel inflamed red bumps.",Acne
Dealing with severe rapid weight loss and racing heart rate.,Hyperthyroidism
Dealing with severe jaundice after heavy drinking and fatigue.,Alcoholic hepatitis
I've been suffering from chest pain when breathing and shortness of breath for a few days.,Pneumonia
I've been suffering from warm red joints and joint inflammation for a few days.,Arthritis
I've been suffering from fatigue and abdominal swelling for a few days.,Hepatitis C
Dealing with severe cystic breakouts and blackheads.,Acne
I feel anal lumps and itching in anal area.,Dimorphic hemorrhoids(piles)
Dealing with severe joint stiffness in morning and hip joint stiffness.,Osteoarthritis
I feel unexplained weight gain and constant fatigue.,Hypothyroidism
Dealing with severe headache and muscle ache and high fever with chills.,Malaria
High fever,Dengue
Experiencing severe headache along with nosebleeds.,Hypertension
I have unable to fall asleep and staying awake at night.,Insomnia
"Started with swollen purple veins on legs, now I also feel aching heavy legs.",Varicose veins
Silver scaly patches and dry cracked skin which is getting worse.,Psoriasis
I've been suffering from itchy elbows and skin plaques for a few days.,Psoriasis
Difficulty walking,Paralysis (brain hemorrhage)
Complaining of tooth nerve throbbing together with pain when chewing.,Toothache
I have heavy period bleeding and lower abdominal pain.,Dysmenorrhea
Dealing with severe vertigo and headache.,(vertigo) Paroxysmal Positional Vertigo
I have cracking knee joint and hip joint stiffness.,Osteoarthritis
Dealing with severe warm red joints and stiff fingers.,Arthritis
I've been suffering from joint pain and dark urine for a few days.,Hepatitis B
Disturbed sleep,Insomnia
Rash spread all over skin,Chicken pox
I have vomiting and dark yellow urine.,Hepatitis E
"Started with dry cough, now I also feel mild sore throat.",Common Cold
Baby crying and hot,Toddler high fever
"Started with facial pain under eyes, now I also feel thick yellow nasal discharge.",Sinusitis
I feel skin peeling and swollen lips after medicine.,Drug Reaction
Sinus headache and facial pain under eyes which is getting worse.,Sinusitis
Dealing with severe pelvic cramps during cycle and lower abdominal pain.,Dysmenorrhea
"Started with itchy body rash, now I also feel sudden hives.",Drug Reaction
Complaining of toddler high temperature together with child colic.,Toddler high fever
"Started with red skin spots, now I also feel high fever.",Dengue
"Started with rectal bleeding, now I also feel anal lumps.",Dimorphic hemorrhoids(piles)
I have skin peeling and sudden hives.,Drug Reaction
I have heart palpitations and hunger and confusion.,Hypoglycemia
Complaining of dry cracked skin together with silver scaly patches.,Psoriasis
I have itchy throat and constant sneezing.,Allergy
I feel itchy body rash and skin peeling.,Drug Reaction
Experiencing cold sensitivity along with unexplained weight gain.,Hypothyroidism
I feel shortness of breath and chest tightness.,Heart attack
I've been suffering from difficulty catching breath and chest tightness when breathing for a few days.,Bronchial Asthma
Experiencing swollen painful joints along with joint inflammation.,Arthritis
Restlessness,Anxiety
I've been suffering from rectal bleeding and anal lumps for a few days.,Dimorphic hemorrhoids(piles)
I have silver scaly patches and itchy elbows.,Psoriasis
Nausea,Hepatitis B
Swollen purple veins on legs,Varicose veins
Sensitivity to light,Migraine
I have pelvic cramps during cycle and heavy period bleeding.,Dysmenorrhea
I have constipation and stomach pain.,Typhoid
I have body aches and itchy fluid filled blisters.,Chicken pox
"Started with silver scaly patches, now I also feel skin plaques.",Psoriasis
Dealing with severe shakiness and sweating and sudden dizziness.,Hypoglycemia
I have waking up tired and unable to fall asleep.,Insomnia
Slurred speech,Paralysis (brain hemorrhage)
Sudden hives and skin peeling which is getting worse.,Drug Reaction
"Started with pain behind eyes, now I also feel severe bone joint pain.",Dengue
I feel fatigue and abdominal swelling.,Hepatitis C
Rash spread all over skin and fever which is getting worse.,Chicken pox
I have clogged ear sensation and hearing muffling.,Otitis Media
Itchy elbows,Psoriasis
Experiencing shortness of breath along with chest pain when breathing.,Pneumonia
Experiencing facial droop along with sudden weakness.,Paralysis (brain hemorrhage)
I feel nasal blockage and thick yellow nasal discharge.,Sinusitis
Dealing with severe shoulder stiffness and neck pain.,Cervical spondylosis
Chest tightness when breathing and wheezing which is getting worse.,Bronchial Asthma
Complaining of honey colored crusts on skin together with red sores around nose.,Impetigo
I have visual aura and sensitivity to light.,Migraine
Experiencing itchy fluid filled blisters along with rash spread all over skin.,Chicken pox
Dealing with severe swollen painful joints and stiff fingers.,Arthritis
Complaining of visual aura together with sensitivity to sound.,Migraine
"Started with room spinning, now I also feel nausea.",(vertigo) Paroxysmal Positional Vertigo
Nausea and room spinning which is getting worse.,(vertigo) Paroxysmal Positional Vertigo
Dealing with severe vomiting and jaundice.,Hepatitis E
Dry cracked skin and itchy elbows which is getting worse.,Psoriasis
Experiencing abdominal swelling along with fatigue.,Hepatitis C
I feel stomach cramps and mild fever.,Gastroenteritis
Experiencing vertigo along with room spinning.,(vertigo) Paroxysmal Positional Vertigo
Complaining of heartburn together with acid reflux.,GERD
Experiencing sudden dizziness along with hunger and confusion.,Hypoglycemia
I've been suffering from leg cramping at night and spider veins for a few days.,Varicose veins
Itching in anal area and anal lumps which is getting worse.,Dimorphic hemorrhoids(piles)
Fatigue,Jaundice
Complaining of infant teething fever together with child colic.,Toddler high fever
Experiencing frequent urge to urinate along with burning sensation during urination.,Urinary tract infection
I feel tooth nerve throbbing and pain when chewing.,Toothache
I've been suffering from itchy elbows and skin plaques for a few days.,Psoriasis
Fever,Chicken pox
High fever with chills,Malaria
Burning sensation during urination and frequent urge to urinate which is getting worse.,Urinary tract infection
I feel spider veins and aching heavy legs.,Varicose veins
Dealing with severe anxiety and tremors and racing heart rate.,Hyperthyroidism
Dealing with severe nausea and fatigue.,Alcoholic hepatitis
Experiencing numbness in fingers along with shoulder stiffness.,Cervical spondylosis
Experiencing nausea along with left arm pain.,Heart attack
Itchy fluid filled blisters and fever which is getting worse.,Chicken pox
Frequent urge to urinate,Urinary tract infection
Complaining of tooth nerve throbbing together with sharp pain in tooth.,Toothache
Dealing with severe body aches and rash spread all over skin.,Chicken pox
Complaining of unexplained weight gain together with constant fatigue.,Hypothyroidism
Fluid filled bumps,Impetigo
Dealing with severe disturbed sleep and staying awake at night.,Insomnia
Dark yellow urine,Hepatitis E
I feel fatigue and jaundice after heavy drinking.,Alcoholic hepatitis
Honey colored crusts on skin,Impetigo
"Started with left arm pain, now I also feel sweating.",Heart attack
Complaining of nausea together with jaundice.,Hepatitis A
Dealing with severe aching heavy legs and spider veins.,Varicose veins
Red skin spots,Dengue
"Started with tooth nerve throbbing, now I also feel gum sensitivity.",Toothache
Complaining of inflamed red bumps together with cystic breakouts.,Acne
Experiencing stomach cramps along with watery diarrhea.,Gastroenteritis
I have loss of interest in hobbies and constant crying spells.,Depression
Complaining of nasal congestion together with itchy throat.,Allergy
Continuous high fever and constipation which is getting worse.,Typhoid
Sweating,Hyperthyroidism
I've been suffering from yellow skin and joint pain for a few days.,Hepatitis B
Fatigue and abdominal pain under ribs which is getting worse.,Hepatitis A
Sweating and chest tightness which is getting worse.,Heart attack
Dealing with severe constipation and headache.,Typhoid
Loss of appetite and joint pain which is getting worse.,Hepatitis B
Experiencing severe menstrual cramps along with lower abdominal pain.,Dysmenorrhea
I have nausea and left arm pain.,Heart attack
Dealing with severe sweaty palms and nervous stomach.,Anxiety
Abdominal swelling and fatigue which is getting worse.,Hepatitis C
Dealing with severe headache and muscle ache and severe shivering.,Malaria
I've been suffering from unexplained weight gain and constant fatigue for a few days.,Hypothyroidism
I feel jaundice symptoms and abdominal discomfort.,Hepatitis D
I've been suffering from cough with green sputum and chest pain when breathing for a few days.,Pneumonia
Experiencing blisters along with honey colored crusts on skin.,Impetigo
Heart palpitations,Hypoglycemia
Hunger and confusion,Hypoglycemia
Dealing with severe constant panic feeling and sweaty palms.,Anxiety
Shortness of breath,Heart attack
Dealing with severe extreme body weakness and constipation.,Typhoid
Sudden weakness,Paralysis (brain hemorrhage)
Warm red joints and swollen painful joints which is getting worse.,Arthritis
Experiencing lower abdominal pain along with heavy period bleeding.,Dysmenorrhea
Experiencing acute chest pain along with nausea.,Heart attack
Complaining of unexplained weight loss together with night sweats.,Tuberculosis
Experiencing visible hole in tooth along with cavity in molar.,Cavity
Complaining of fatigue together with abdominal discomfort.,Hepatitis D
I feel stomach cramps and nausea.,Gastroenteritis
I have skin plaques and itchy elbows.,Psoriasis
Dealing with severe burning sensation during urination and frequent urge to urinate.,Urinary tract infection
I've been suffering from toddler high temperature and infant teething fever for a few days.,Toddler high fever
Complaining of pain when chewing together with tooth nerve throbbing.,Toothache
Dealing with severe dry scaly patches and ringworm spots.,Fungal infection
I have aching heavy legs and swollen purple veins on legs.,Varicose veins
I have arm tingling and numbness in fingers.,Cervical spondylosis
I feel cloudy foul urine and burning sensation during urination.,Urinary tract infection
Experiencing unable to fall asleep along with staying awake at night.,Insomnia
"Started with skin peeling, now I also feel swollen lips after medicine.",Drug Reaction
I've been suffering from fatigue and abdominal swelling for a few days.,Alcoholic hepatitis
I feel neck cracking sound and neck pain.,Cervical spondylosis
I've been suffering from fever and jaundice for a few days.,Hepatitis E
I have ear pain and fluid drainage from ear.,Otitis Media
Experiencing fatigue along with jaundice symptoms.,Hepatitis D
I feel sharp pain in tooth and pain when chewing.,Toothache
"Started with red tender gums, now I also feel blood while brushing teeth.",Bleeding gums
I've been suffering from inflamed red bumps and oily skin for a few days.,Acne
Fatigue and low energy and constant crying spells which is getting worse.,Depression
Dealing with severe facial pain under eyes and nasal blockage.,Sinusitis
Complaining of joint inflammation together with stiff fingers.,Arthritis
Experiencing loss of appetite along with dark tea colored urine.,Jaundice
Dealing with severe leg cramping at night and spider veins.,Varicose veins
Fluid filled bumps and red sores around nose which is getting worse.,Impetigo
Dealing with severe shortness of breath and high blood pressure.,Hypertension
Cough with green sputum,Pneumonia
Constant panic feeling,Anxiety
Mild fever and runny nose which is getting worse.,Common Cold
Abdominal swelling and yellowing of eyes which is getting worse.,Hepatitis C
I feel nasal blockage and sinus headache.,Sinusitis
"Started with silver scaly patches, now I also feel itchy elbows.",Psoriasis
I have dizziness and shortness of breath.,Hypertension
Experiencing fluid drainage from ear along with hearing muffling.,Otitis Media
Complaining of red sores around nose together with honey colored crusts on skin.,Impetigo
"Started with nasal blockage, now I also feel sinus headache.",Sinusitis
Experiencing sharp pain in tooth along with gum sensitivity.,Toothache
Experiencing mild sore throat along with mild fever.,Common Cold
Complaining of warm red joints together with swollen painful joints.,Arthritis
"Started with mild sore throat, now I also feel sneezing.",Common Cold
Racing heart rate and sweating which is getting worse.,Hyperthyroidism
I've been suffering from watery eyes and runny nose for a few days.,Allergy
Nausea,Gastroenteritis
I've been suffering from constant fatigue and cold sensitivity for a few days.,Hypothyroidism
I have dark urine and fatigue.,Hepatitis A
I feel dry cough and congested sinus.,Common Cold
I've been suffering from dizziness and nausea for a few days.,Migraine
I've been suffering from loss of balance and headache for a few days.,(vertigo) Paroxysmal Positional Vertigo
Tooth sensitivity to hot cold,Cavity
Complaining of tooth sensitivity to hot cold together with visible hole in tooth.,Cavity
Experiencing feeling empty and hopeless along with loss of interest in hobbies.,Depression
I've been suffering from sharp pain in tooth and pain when chewing for a few days.,Toothache
Complaining of jaundice symptoms together with fatigue.,Hepatitis D
Complaining of abdominal discomfort together with jaundice symptoms.,Hepatitis D
Rectal bleeding,Dimorphic hemorrhoids(piles)
Gum sensitivity and pain when chewing which is getting worse.,Toothache
Restlessness and constant panic feeling which is getting worse.,Anxiety
Thinning hair,Hypothyroidism
Anxiety and tremors,Hyperthyroidism
Heartburn,GERD
I've been suffering from abdominal discomfort and fatigue for a few days.,Hepatitis D
I have waking up tired and unable to fall asleep.,Insomnia
I feel dark urine and nausea.,Hepatitis B
Chest pain when breathing,Pneumonia
I have pain behind eyes and red skin spots.,Dengue
I've been suffering from unexplained weight loss and coughing up blood for a few days.,Tuberculosis
I have neck cracking sound and arm tingling.,Cervical spondylosis
"Started with sensitivity to light, now I also feel visual aura.",Migraine
Experiencing rectal bleeding along with itching in anal area.,Dimorphic hemorrhoids(piles)
Complaining of fatigue together with jaundice after heavy drinking.,Alcoholic hepatitis
I feel jaundice after heavy drinking and abdominal swelling.,Alcoholic hepatitis
Experiencing abdominal pain under ribs along with dark urine.,Hepatitis A
Experiencing skin peeling along with sudden hives.,Drug Reaction
"Started with ear pain, now I also feel hearing muffling.",Otitis Media
Experiencing high fever with chills along with cough with green sputum.,Pneumonia
Dealing with severe wheezing and difficulty catching breath.,Bronchial Asthma
Cold sensitivity,Hypothyroidism
I have cold sensitivity and constant fatigue.,Hypothyroidism
I feel numbness in fingers and shoulder stiffness.,Cervical spondylosis
I feel sweating and anxiety and tremors.,Hyperthyroidism
Gum sensitivity,Toothache
High fever with chills and severe shivering which is getting worse.,Malaria
Neck cracking sound and shoulder stiffness which is getting worse.,Cervical spondylosis
I feel cracking knee joint and knee pain when bending.,Osteoarthritis
I feel tooth sensitivity to hot cold and cavity in molar.,Cavity
Severe headache,Hypertension
I've been suffering from persistent cough for 3 weeks and night sweats for a few days.,Tuberculosis
Left arm pain,Heart attack
Experiencing loss of appetite along with yellow eyes.,Jaundice
I feel warm red joints and stiff fingers.,Arthritis
Dealing with severe difficulty catching breath and wheezing.,Bronchial Asthma
I feel loss of interest in hobbies and feeling empty and hopeless.,Depression
I've been suffering from sudden dizziness and hunger and confusion for a few days.,Hypoglycemia
I've been suffering from sweating and rapid weight loss for a few days.,Hyperthyroidism
I have coughing up blood and night sweats.,Tuberculosis
Complaining of runny nose together with mild fever.,Common Cold
Oily skin and blackheads which is getting worse.,Acne
Complaining of persistent cough for 3 weeks together with night sweats.,Tuberculosis
I've been suffering from fatigue and low energy and constant crying spells for a few days.,Depression
Dealing with severe rash spread all over skin and body aches.,Chicken pox
Complaining of coughing up blood together with unexplained weight loss.,Tuberculosis
Itchy fluid filled blisters,Chicken pox
Dry cough,Common Cold
Dealing with severe heavy period bleeding and lower abdominal pain.,Dysmenorrhea
I've been suffering from nausea and chest tightness for a few days.,Heart attack
I've been suffering from headache and muscle ache and severe shivering for a few days.,Malaria
Complaining of staying awake at night together with disturbed sleep.,Insomnia
"Started with skin plaques, now I also feel dry cracked skin.",Psoriasis
I have abdominal discomfort and fatigue.,Hepatitis D
Dealing with severe pain behind eyes and nausea.,Dengue
I feel heavy period bleeding and lower abdominal pain.,Dysmenorrhea
Experiencing cystic breakouts along with inflamed red bumps.,Acne
"Started with hip joint stiffness, now I also feel joint stiffness in morning.",Osteoarthritis
Dealing with severe heavy period bleeding and lower abdominal pain.,Dysmenorrhea
Complaining of chest tightness together with shortness of breath.,Heart attack
Complaining of blackheads together with oily skin.,Acne
I feel body aches and rash spread all over skin.,Chicken pox
Nausea and dark urine which is getting worse.,Hepatitis A
Nausea,Heart attack
Shortness of breath,Hypertension
I've been suffering from fluid drainage from ear and hearing muffling for a few days.,Otitis Media
Nausea and abdominal swelling which is getting worse.,Alcoholic hepatitis
Facial droop,Paralysis (brain hemorrhage)
I have shortness of breath and high fever with chills.,Pneumonia
I feel sweating and shortness of breath.,Heart attack
I've been suffering from swollen lips after medicine and sudden hives for a few days.,Drug Reaction
Night sweats and coughing up blood which is getting worse.,Tuberculosis
I've been suffering from sudden dizziness and heart palpitations for a few days.,Hypoglycemia
I've been suffering from thick yellow nasal discharge and nasal blockage for a few days.,Sinusitis
"Started with shakiness and sweating, now I also feel sudden dizziness.",Hypoglycemia
I have silver scaly patches and dry cracked skin.,Psoriasis
Runny nose,Allergy
I've been suffering from bloating and chest burn after eating for a few days.,GERD
I have continuous high fever and constipation.,Typhoid
I've been suffering from ringworm spots and fungal patches on toes for a few days.,Fungal infection
I have continuous high fever and extreme body weakness.,Typhoid
I feel nausea and abdominal swelling.,Hepatitis C
Neck cracking sound,Cervical spondylosis
"Started with visible hole in tooth, now I also feel tooth sensitivity to hot cold.",Cavity
I feel baby crying and hot and toddler high temperature.,Toddler high fever
Blackheads,Acne
Nasal congestion,Allergy
Dealing with severe baby crying and hot and toddler high temperature.,Toddler high fever
I have swollen bleeding gums and red tender gums.,Bleeding gums
Experiencing dark yellow urine along with jaundice.,Hepatitis E
Rectal bleeding and painful bowel movements which is getting worse.,Dimorphic hemorrhoids(piles)
Complaining of lower pelvic pain together with burning sensation during urination.,Urinary tract infection
Experiencing pelvic cramps during cycle along with heavy period bleeding.,Dysmenorrhea
Experiencing visible hole in tooth along with tooth sensitivity to hot cold.,Cavity
I feel yellow skin and loss of appetite.,Hepatitis B
I've been suffering from dark urine and joint pain for a few days.,Hepatitis B
Complaining of dark yellow urine together with vomiting.,Hepatitis E
Silver scaly patches and itchy elbows which is getting worse.,Psoriasis
Dealing with severe fluid filled bumps and honey colored crusts on skin.,Impetigo
Experiencing constant sneezing along with watery eyes.,Allergy
Sweaty palms and restlessness which is getting worse.,Anxiety
Stomach cramps,Gastroenteritis
Experiencing sweating along with high fever with chills.,Malaria
"Started with constant sneezing, now I also feel watery eyes.",Allergy
I feel hearing muffling and ear pain.,Otitis Media
I've been suffering from burning sensation during urination and frequent urge to urinate for a few days.,Urinary tract infection
I've been suffering from blood while brushing teeth and swollen bleeding gums for a few days.,Bleeding gums
Dealing with severe sharp pain in tooth and tooth nerve throbbing.,Toothache
Mild fever and stomach cramps which is getting worse.,Gastroenteritis
Experiencing blood while brushing teeth along with red tender gums.,Bleeding gums
Sharp pain in tooth,Toothache
Complaining of racing thoughts together with restlessness.,Anxiety
I feel swollen purple veins on legs and leg cramping at night.,Varicose veins
Experiencing sensitivity to light along with dizziness.,Migraine
Dealing with severe chest burn after eating and bloating.,GERD
"Started with left arm pain, now I also feel nausea.",Heart attack
Dealing with severe pain behind eyes and severe bone joint pain.,Dengue
Complaining of loss of coordination together with facial droop.,Paralysis (brain hemorrhage)
Room spinning,(vertigo) Paroxysmal Positional Vertigo
"Started with night sweats, now I also feel unexplained weight loss.",Tuberculosis
Continuous high fever and stomach pain which is getting worse.,Typhoid
Sweating and chest tightness which is getting worse.,Heart attack
I've been suffering from nervous stomach and sweaty palms for a few days.,Anxiety
Itchy body rash,Drug Reaction
Complaining of swollen lips after medicine together with skin peeling.,Drug Reaction
I've been suffering from silver scaly patches and dry cracked skin for a few days.,Psoriasis
I have cold sensitivity and unexplained weight gain.,Hypothyroidism
Dealing with severe constant crying spells and fatigue and low energy.,Depression
Dealing with severe congested sinus and sneezing.,Common Cold
I feel pain when chewing and tooth nerve throbbing.,Toothache
I feel racing heart rate and heat sensitivity.,Hyperthyroidism
Difficulty catching breath,Bronchial Asthma
Experiencing nausea along with high fever.,Dengue
Dizziness and sensitivity to sound which is getting worse.,Migraine
Bloating,GERD
Unexplained weight loss,Tuberculosis
Skin plaques and itchy elbows which is getting worse.,Psoriasis
Night sweats,Tuberculosis
"Started with anxiety and tremors, now I also feel rapid weight loss.",Hyperthyroidism
I feel headache and nausea.,(vertigo) Paroxysmal Positional Vertigo
Dealing with severe sudden hives and skin peeling.,Drug Reaction
Complaining of watery diarrhea together with vomiting.,Gastroenteritis
Wheezing and difficulty catching breath which is getting worse.,Bronchial Asthma
Abdominal swelling and fatigue which is getting worse.,Alcoholic hepatitis
Racing heart rate and heat sensitivity which is getting worse.,Hyperthyroidism
Numbness in fingers,Cervical spondylosis
"Started with inflamed red bumps, now I also feel oily skin.",Acne
I feel chest burn after eating and sour taste in mouth.,GERD
Dealing with severe fungal patches on toes and red itchy skin rash.,Fungal infection
Dizziness,Migraine
"Started with honey colored crusts on skin, now I also feel blisters.",Impetigo
Loss of coordination,Paralysis (brain hemorrhage)
Loss of appetite,Hepatitis B
I have loss of appetite and yellow eyes.,Jaundice
Dealing with severe thick yellow nasal discharge and facial pain under eyes.,Sinusitis
Constant crying spells,Depression
I have disturbed sleep and staying awake at night.,Insomnia
"Started with racing heart rate, now I also feel heat sensitivity.",Hyperthyroidism
I've been suffering from heavy period bleeding and lower abdominal pain for a few days.,Dysmenorrhea
"Started with stiff fingers, now I also feel warm red joints.",Arthritis
I have fatigue and jaundice after heavy drinking.,Alcoholic hepatitis
Complaining of fatigue together with abdominal discomfort.,Hepatitis D
I've been suffering from bloating and chest burn after eating for a few days.,GERD
Dealing with severe blisters and red sores around nose.,Impetigo
I've been suffering from hunger and confusion and shakiness and sweating for a few days.,Hypoglycemia
Dry scaly patches and fungal patches on toes which is getting worse.,Fungal infection
Experiencing fatigue and low energy along with feeling empty and hopeless.,Depression
Experiencing frequent urge to urinate along with burning sensation during urination.,Urinary tract infection
I've been suffering from knee pain when bending and cracking knee joint for a few days.,Osteoarthritis
Complaining of constant sneezing together with itchy throat.,Allergy
Experiencing staying awake at night along with waking up tired.,Insomnia
Dry cracked skin,Psoriasis
"Started with nasal congestion, now I also feel itchy throat.",Allergy
Fatigue and abdominal swelling which is getting worse.,Hepatitis C
Experiencing fluid drainage from ear along with ear pain.,Otitis Media
Hearing muffling,Otitis Media
I feel dry cough at night and difficulty catching breath.,Bronchial Asthma
Complaining of infant teething fever together with child colic.,Toddler high fever
Swollen lips after medicine,Drug Reaction
Jaundice,Hepatitis E
"Started with yellowing of eyes, now I also feel nausea.",Hepatitis C
Experiencing clogged ear sensation along with fluid drainage from ear.,Otitis Media
I have painful bowel movements and itching in anal area.,Dimorphic hemorrhoids(piles)
Dealing with severe nasal blockage and thick yellow nasal discharge.,Sinusitis
Dealing with severe high blood pressure and severe headache.,Hypertension
Dry skin,Hypothyroidism
I've been suffering from anal lumps and rectal bleeding for a few days.,Dimorphic hemorrhoids(piles)
Experiencing shoulder stiffness along with numbness in fingers.,Cervical spondylosis
Complaining of hip joint stiffness together with cracking knee joint.,Osteoarthritis
Child colic and toddler high temperature which is getting worse.,Toddler high fever
I have stomach pain and continuous high fever.,Typhoid
Red tender gums and blood while brushing teeth which is getting worse.,Bleeding gums
Complaining of red skin spots together with pain behind eyes.,Dengue
Sneezing and mild sore throat which is getting worse.,Common Cold
I've been suffering from constant sneezing and nasal congestion for a few days.,Allergy
I feel red skin spots and nausea.,Dengue
Loss of balance,(vertigo) Paroxysmal Positional Vertigo
Complaining of abdominal swelling together with yellowing of eyes.,Hepatitis C
Complaining of swollen purple veins on legs together with spider veins.,Varicose veins
Complaining of clogged ear sensation together with fluid drainage from ear.,Otitis Media
Dealing with severe watery eyes and nasal congestion.,Allergy
I've been suffering from swollen purple veins on legs and spider veins for a few days.,Varicose veins
Complaining of toddler high temperature together with child colic.,Toddler high fever
"Started with dry cough, now I also feel runny nose.",Common Cold
Dealing with severe ringworm spots and skin peeling.,Fungal infection
I've been suffering from chest pressure and nosebleeds for a few days.,Hypertension
Dealing with severe loss of appetite and nausea.,Hepatitis B
I've been suffering from swollen painful joints and joint inflammation for a few days.,Arthritis
"Started with slurred speech, now I also feel numbness in arm.",Paralysis (brain hemorrhage)
I have anxiety and tremors and racing heart rate.,Hyperthyroidism
I have mild sore throat and sneezing.,Common Cold
I have joint stiffness in morning and knee pain when bending.,Osteoarthritis
Chest tightness,Heart attack
Complaining of heart palpitations together with hunger and confusion.,Hypoglycemia
I feel high fever and red skin spots.,Dengue
I have nausea and headache.,(vertigo) Paroxysmal Positional Vertigo
Complaining of burning sensation during urination together with lower pelvic pain.,Urinary tract infection
Nausea and pain behind eyes which is getting worse.,Dengue
Experiencing dark urine along with yellow skin.,Hepatitis B
I have dry cough at night and difficulty catching breath.,Bronchial Asthma
Dealing with severe itching in anal area and anal lumps.,Dimorphic hemorrhoids(piles)
"Started with room spinning, now I also feel nausea.",(vertigo) Paroxysmal Positional Vertigo
I feel anal lumps and painful bowel movements.,Dimorphic hemorrhoids(piles)
Acute chest pain,Heart attack
I feel extreme body weakness and constipation.,Typhoid
I've been suffering from nosebleeds and chest pressure for a few days.,Hypertension
I've been suffering from visual aura and sensitivity to light for a few days.,Migraine
Experiencing itching in anal area along with anal lumps.,Dimorphic hemorrhoids(piles)
Experiencing cavity in molar along with tooth sensitivity to hot cold.,Cavity
High fever and severe bone joint pain which is getting worse.,Dengue
Complaining of unable to fall asleep together with disturbed sleep.,Insomnia
I have nosebleeds and high blood pressure.,Hypertension
I have severe shivering and sweating.,Malaria
Dealing with severe fatigue and yellow eyes.,Jaundice
I have high fever with chills and cough with green sputum.,Pneumonia
Clogged ear sensation,Otitis Media
Nausea,Hepatitis C
"Started with blisters, now I also feel red sores around nose.",Impetigo
Abdominal discomfort and fatigue which is getting worse.,Hepatitis D
Loss of interest in hobbies,Depression
I feel frequent urge to urinate and lower pelvic pain.,Urinary tract infection
Anal lumps,Dimorphic hemorrhoids(piles)
Experiencing inflamed red bumps along with blackheads.,Acne
Dealing with severe feeling empty and hopeless and loss of interest in hobbies.,Depression
Experiencing cracking knee joint along with joint stiffness in morning.,Osteoarthritis
I feel skin peeling and swollen lips after medicine.,Drug Reaction
"Started with frequent urge to urinate, now I also feel lower pelvic pain.",Urinary tract infection
Dry cracked skin and itchy elbows which is getting worse.,Psoriasis
Complaining of skin peeling together with swollen lips after medicine.,Drug Reaction
I have skin peeling and dry scaly patches.,Fungal infection
I've been suffering from sour taste in mouth and bloating for a few days.,GERD
Sweating,Malaria
I feel red tender gums and swollen bleeding gums.,Bleeding gums
"Started with numbness in fingers, now I also feel arm tingling.",Cervical spondylosis
Dealing with severe constant sneezing and watery eyes.,Allergy
Experiencing dark yellow urine along with fever.,Hepatitis E
Complaining of jaundice together with fever.,Hepatitis E
"Started with honey colored crusts on skin, now I also feel blisters.",Impetigo
Complaining of blood while brushing teeth together with swollen bleeding gums.,Bleeding gums
"Started with sudden dizziness, now I also feel hunger and confusion.",Hypoglycemia
I've been suffering from frequent urge to urinate and cloudy foul urine for a few days.,Urinary tract infection
I have dark yellow urine and jaundice.,Hepatitis E
I feel fatigue and abdominal swelling.,Hepatitis C
Experiencing hearing muffling along with ear pain.,Otitis Media
Dealing with severe ringworm spots and dry scaly patches.,Fungal infection
Aching heavy legs,Varicose veins
Dealing with severe neck pain and shoulder stiffness.,Cervical spondylosis
Stiff fingers,Arthritis
I have unexplained weight loss and persistent cough for 3 weeks.,Tuberculosis
Tooth sensitivity to hot cold and visible hole in tooth which is getting worse.,Cavity
Dealing with severe spider veins and leg cramping at night.,Varicose veins
Dealing with severe cold sensitivity and dry skin.,Hypothyroidism
Feeling empty and hopeless,Depression
Dark urine and nausea which is getting worse.,Hepatitis B
Body aches,Chicken pox
I feel warm red joints and stiff fingers.,Arthritis
Swollen painful joints,Arthritis
Racing heart rate,Hyperthyroidism
Dealing with severe nasal blockage and sinus headache.,Sinusitis
I have child colic and infant teething fever.,Toddler high fever
I have hip joint stiffness and joint stiffness in morning.,Osteoarthritis
Experiencing sweaty palms along with nervous stomach.,Anxiety
Dealing with severe nausea and yellow skin.,Hepatitis B
I've been suffering from sharp pain in tooth and gum sensitivity for a few days.,Toothache
Complaining of joint inflammation together with swollen painful joints.,Arthritis
I've been suffering from jaundice symptoms and abdominal discomfort for a few days.,Hepatitis D
Complaining of knee pain when bending together with hip joint stiffness.,Osteoarthritis
Visible hole in tooth and tooth sensitivity to hot cold which is getting worse.,Cavity
Complaining of abdominal swelling together with yellowing of eyes.,Hepatitis C
I feel throbbing headache and dizziness.,Migraine
Complaining of heat sensitivity together with rapid weight loss.,Hyperthyroidism
Experiencing loss of interest in hobbies along with feeling empty and hopeless.,Depression
"Started with dry cough at night, now I also feel difficulty catching breath.",Bronchial Asthma
Dealing with severe heart palpitations and sudden dizziness.,Hypoglycemia
"Started with jaundice, now I also feel nausea.",Hepatitis A
I've been suffering from dark yellow urine and vomiting for a few days.,Hepatitis E
I've been suffering from persistent cough for 3 weeks and night sweats for a few days.,Tuberculosis
I feel disturbed sleep and waking up tired.,Insomnia
I feel cavity in molar and visible hole in tooth.,Cavity
Mild sore throat,Common Cold
I have cavity in molar and tooth sensitivity to hot cold.,Cavity
I feel fatigue and jaundice symptoms.,Hepatitis D
Congested sinus,Common Cold
"Started with high fever with chills, now I also feel chest pain when breathing.",Pneumonia
Complaining of continuous high fever together with headache.,Typhoid
I feel red itchy skin rash and dry scaly patches.,Fungal infection
I've been suffering from sweating and high fever with chills for a few days.,Malaria
Complaining of pelvic cramps during cycle together with heavy period bleeding.,Dysmenorrhea
Experiencing wheezing along with chest tightness when breathing.,Bronchial Asthma
Experiencing jaundice along with nausea.,Hepatitis A
I've been suffering from bloating and sour taste in mouth for a few days.,GERD
Complaining of chest tightness when breathing together with wheezing.,Bronchial Asthma
Staying awake at night and unable to fall asleep which is getting worse.,Insomnia
"Started with stomach cramps, now I also feel watery diarrhea.",Gastroenteritis
Mild fever,Gastroenteritis
Frequent urge to urinate and burning sensation during urination which is getting worse.,Urinary tract infection
I've been suffering from fatigue and abdominal discomfort for a few days.,Hepatitis D
I feel acid reflux and chest burn after eating.,GERD
Stomach pain and constipation which is getting worse.,Typhoid
I have facial pain under eyes and thick yellow nasal discharge.,Sinusitis
I feel chest burn after eating and acid reflux.,GERD
I've been suffering from waking up tired and staying awake at night for a few days.,Insomnia
I've been suffering from nausea and jaundice for a few days.,Hepatitis A
Heat sensitivity,Hyperthyroidism
Experiencing cystic breakouts along with oily skin.,Acne
I have runny nose and sneezing.,Common Cold
I've been suffering from nausea and headache for a few days.,(vertigo) Paroxysmal Positional Vertigo
Dealing with severe vomiting and watery diarrhea.,Gastroenteritis
Inflamed red bumps,Acne
Experiencing red sores around nose along with fluid filled bumps.,Impetigo
"Started with unexplained weight gain, now I also feel thinning hair.",Hypothyroidism
I have red tender gums and blood while brushing teeth.,Bleeding gums
Dealing with severe aching heavy legs and leg cramping at night.,Varicose veins
Toddler high temperature,Toddler high fever
I've been suffering from nausea and vomiting for a few days.,Gastroenteritis
I have pain when chewing and tooth nerve throbbing.,Toothache
I feel visible hole in tooth and cavity in molar.,Cavity
Yellow eyes,Jaundice
I feel racing heart rate and sweating.,Hyperthyroidism
Dealing with severe swollen lips after medicine and skin peeling.,Drug Reaction
Stomach pain,Typhoid
I have constipation and continuous high fever.,Typhoid
Experiencing blood while brushing teeth along with swollen bleeding gums.,Bleeding gums
Headache,Typhoid
Dealing with severe continuous high fever and constipation.,Typhoid
High fever with chills,Pneumonia
"Started with painful bowel movements, now I also feel anal lumps.",Dimorphic hemorrhoids(piles)
Staying awake at night,Insomnia
I have rash spread all over skin and body aches.,Chicken pox
I feel severe bone joint pain and nausea.,Dengue
Experiencing itching in anal area along with anal lumps.,Dimorphic hemorrhoids(piles)
I've been suffering from constant crying spells and feeling empty and hopeless for a few days.,Depression
Unable to fall asleep,Insomnia
Dealing with severe stiff fingers and swollen painful joints.,Arthritis
I feel leg cramping at night and spider veins.,Varicose veins
Experiencing sweaty palms along with nervous stomach.,Anxiety
I've been suffering from oily skin and blackheads for a few days.,Acne
"Started with toddler high temperature, now I also feel baby crying and hot.",Toddler high fever
Itchy throat,Allergy
"Started with slurred speech, now I also feel numbness in arm.",Paralysis (brain hemorrhage)
High blood pressure,Hypertension
Pelvic cramps during cycle,Dysmenorrhea
Complaining of pelvic cramps during cycle together with lower abdominal pain.,Dysmenorrhea
Jaundice symptoms and fatigue which is getting worse.,Hepatitis D
Thick yellow nasal discharge,Sinusitis
I have yellow eyes and fatigue.,Jaundice
Complaining of chest tightness when breathing together with dry cough at night.,Bronchial Asthma
"Started with dry cough at night, now I also feel chest tightness when breathing.",Bronchial Asthma
High fever with chills and sweating which is getting worse.,Malaria
I have headache and loss of balance.,(vertigo) Paroxysmal Positional Vertigo
"Started with high fever with chills, now I also feel headache and muscle ache.",Malaria
Fluid drainage from ear and hearing muffling which is getting worse.,Otitis Media
Complaining of jaundice together with fever.,Hepatitis E
Complaining of yellow eyes together with yellow skin color.,Jaundice
Jaundice symptoms,Hepatitis D
Dealing with severe lower abdominal pain and heavy period bleeding.,Dysmenorrhea
Nausea,Alcoholic hepatitis
I've been suffering from hearing muffling and ear pain for a few days.,Otitis Media
Experiencing visual aura along with nausea.,Migraine
Dealing with severe red tender gums and swollen bleeding gums.,Bleeding gums
I feel runny nose and dry cough.,Common Cold
Dealing with severe swollen painful joints and stiff fingers.,Arthritis
I've been suffering from abdominal swelling and yellowing of eyes for a few days.,Hepatitis C
Extreme body weakness,Typhoid
Abdominal pain under ribs,Hepatitis A
Experiencing abdominal swelling along with jaundice after heavy drinking.,Alcoholic hepatitis
"Started with sudden hives, now I also feel swollen lips after medicine.",Drug Reaction
Experiencing nausea along with abdominal swelling.,Hepatitis C
Experiencing dark urine along with yellow skin.,Hepatitis B
"Started with watery eyes, now I also feel runny nose.",Allergy
Experiencing body aches along with rash spread all over skin.,Chicken pox
Blood while brushing teeth,Bleeding gums
Skin peeling,Fungal infection
Infant teething fever,Toddler high fever
Experiencing itchy fluid filled blisters along with body aches.,Chicken pox
I have baby crying and hot and child colic.,Toddler high fever
I've been suffering from chest pain when breathing and high fever with chills for a few days.,Pneumonia
"Started with high blood pressure, now I also feel nosebleeds.",Hypertension
Dealing with severe pain behind eyes and high fever.,Dengue
I've been suffering from continuous high fever and constipation for a few days.,Typhoid
Complaining of abdominal discomfort together with fatigue.,Hepatitis D
"Started with dry skin, now I also feel thinning hair.",Hypothyroidism
Abdominal discomfort and fatigue which is getting worse.,Hepatitis D
I feel fatigue and abdominal swelling.,Hepatitis C
I've been suffering from nausea and loss of appetite for a few days.,Hepatitis B
I feel nasal blockage and facial pain under eyes.,Sinusitis
Complaining of tooth nerve throbbing together with pain when chewing.,Toothache
I've been suffering from red tender gums and swollen bleeding gums for a few days.,Bleeding gums
"Started with baby crying and hot, now I also feel toddler high temperature.",Toddler high fever
Complaining of hip joint stiffness together with joint stiffness in morning.,Osteoarthritis
Dealing with severe stomach cramps and vomiting.,Gastroenteritis
"Started with lower abdominal pain, now I also feel severe menstrual cramps.",Dysmenorrhea
Experiencing fatigue along with dark tea colored urine.,Jaundice
Dealing with severe burning sensation during urination and lower pelvic pain.,Urinary tract infection
I have severe headache and dizziness.,Hypertension
Experiencing dry skin along with constant fatigue.,Hypothyroidism
Experiencing abdominal swelling along with nausea.,Alcoholic hepatitis
Dealing with severe nausea and throbbing headache.,Migraine
Nausea and shortness of breath which is getting worse.,Heart attack
Fluid drainage from ear,Otitis Media
Sinus headache,Sinusitis
"Started with sweaty palms, now I also feel constant panic feeling.",Anxiety
Sweating and severe shivering which is getting worse.,Malaria
I feel constant panic feeling and sweaty palms.,Anxiety
Complaining of vertigo together with loss of balance.,(vertigo) Paroxysmal Positional Vertigo
Sweating,Heart attack
I have staying awake at night and unable to fall asleep.,Insomnia
"Started with vomiting, now I also feel nausea.",Gastroenteritis
Joint inflammation and warm red joints which is getting worse.,Arthritis
Abdominal discomfort,Hepatitis D
I've been suffering from constipation and headache for a few days.,Typhoid
Pain when chewing,Toothache
I feel severe menstrual cramps and pelvic cramps during cycle.,Dysmenorrhea
Complaining of fever together with rash spread all over skin.,Chicken pox
"Started with fatigue and low energy, now I also feel constant crying spells.",Depression
Dealing with severe fatigue and yellowing of eyes.,Hepatitis C
I have sudden weakness and loss of coordination.,Paralysis (brain hemorrhage)
I've been suffering from shoulder stiffness and neck cracking sound for a few days.,Cervical spondylosis
Visual aura,Migraine
Experiencing dizziness along with nausea.,(vertigo) Paroxysmal Positional Vertigo
Jaundice after heavy drinking,Alcoholic hepatitis
Dry scaly patches,Fungal infection
I feel facial pain under eyes and sinus headache.,Sinusitis
I've been suffering from fever and itchy fluid filled blisters for a few days.,Chicken pox
Complaining of dark yellow urine together with jaundice.,Hepatitis E
Dealing with severe red sores around nose and fluid filled bumps.,Impetigo
Dealing with severe headache and stomach pain.,Typhoid
Dealing with severe mild sore throat and dry cough.,Common Cold
I have dry cough and sneezing.,Common Cold
I feel visible hole in tooth and tooth sensitivity to hot cold.,Cavity
Complaining of headache together with constipation.,Typhoid
Complaining of fatigue together with yellow eyes.,Jaundice
I've been suffering from warm red joints and stiff fingers for a few days.,Arthritis
Facial droop and numbness in arm which is getting worse.,Paralysis (brain hemorrhage)
Complaining of honey colored crusts on skin together with red sores around nose.,Impetigo
Complaining of nausea together with jaundice after heavy drinking.,Alcoholic hepatitis
Ear pain,Otitis Media
I have leg cramping at night and aching heavy legs.,Varicose veins
Joint stiffness in morning,Osteoarthritis
I've been suffering from jaundice and fever for a few days.,Hepatitis E
Experiencing abdominal swelling along with fatigue.,Hepatitis C
Complaining of sharp pain in tooth together with gum sensitivity.,Toothache
Shoulder stiffness,Cervical spondylosis
Tooth sensitivity to hot cold and cavity in molar which is getting worse.,Cavity
"Started with wheezing, now I also feel difficulty catching breath.",Bronchial Asthma
I feel difficulty walking and numbness in arm.,Paralysis (brain hemorrhage)
Complaining of sour taste in mouth together with chest burn after eating.,GERD
Experiencing facial pain under eyes along with sinus headache.,Sinusitis
I've been suffering from high fever with chills and sweating for a few days.,Malaria
Dealing with severe stiff fingers and warm red joints.,Arthritis
I have swollen purple veins on legs and aching heavy legs.,Varicose veins
Dealing with severe blood while brushing teeth and red tender gums.,Bleeding gums
Dealing with severe cough with green sputum and shortness of breath.,Pneumonia
Complaining of facial droop together with loss of coordination.,Paralysis (brain hemorrhage)
Sweating and nausea which is getting worse.,Heart attack
Ear pain and fluid drainage from ear which is getting worse.,Otitis Media
I've been suffering from abdominal discomfort and jaundice symptoms for a few days.,Hepatitis D
I feel coughing up blood and persistent cough for 3 weeks.,Tuberculosis
"Started with ear pain, now I also feel hearing muffling.",Otitis Media
"Started with swollen purple veins on legs, now I also feel leg cramping at night.",Varicose veins
I have sweaty palms and nervous stomach.,Anxiety
"Started with fluid filled bumps, now I also feel blisters.",Impetigo
Dealing with severe visible hole in tooth and tooth sensitivity to hot cold.,Cavity
I feel coughing up blood and night sweats.,Tuberculosis
I have cavity in molar and visible hole in tooth.,Cavity
"Started with sudden weakness, now I also feel loss of coordination.",Paralysis (brain hemorrhage)
I have arm tingling and numbness in fingers.,Cervical spondylosis
Child colic,Toddler high fever
I've been suffering from sharp pain in tooth and pain when chewing for a few days.,Toothache
Experiencing heavy period bleeding along with severe menstrual cramps.,Dysmenorrhea
Vertigo,(vertigo) Paroxysmal Positional Vertigo
Fatigue,Hepatitis A
Painful bowel movements,Dimorphic hemorrhoids(piles)
Dizziness and severe headache which is getting worse.,Hypertension
I have hunger and confusion and shakiness and sweating.,Hypoglycemia
I have silver scaly patches and itchy elbows.,Psoriasis
Cracking knee joint,Osteoarthritis
Rash spread all over skin and body aches which is getting worse.,Chicken pox
I've been suffering from unexplained weight loss and coughing up blood for a few days.,Tuberculosis
I have inflamed red bumps and oily skin.,Acne
Infant teething fever and child colic which is getting worse.,Toddler high fever
"Started with fever, now I also feel vomiting.",Hepatitis E
I feel sweating and acute chest pain.,Heart attack
I've been suffering from arm tingling and neck pain for a few days.,Cervical spondylosis
"Started with fatigue, now I also feel jaundice.",Hepatitis A
"Started with headache and muscle ache, now I also feel severe shivering.",Malaria
I have swollen bleeding gums and blood while brushing teeth.,Bleeding gums
Joint inflammation,Arthritis
I've been suffering from coughing up blood and persistent cough for 3 weeks for a few days.,Tuberculosis
Lower pelvic pain,Urinary tract infection
I feel honey colored crusts on skin and red sores around nose.,Impetigo
Dark tea colored urine,Jaundice
I have fatigue and yellowing of eyes.,Hepatitis C
I feel pimples on face and cystic breakouts.,Acne
Dealing with severe nausea and fatigue.,Hepatitis A
Complaining of numbness in arm together with difficulty walking.,Paralysis (brain hemorrhage)
Nausea,(vertigo) Paroxysmal Positional Vertigo
"Started with nausea, now I also feel yellowing of eyes.",Hepatitis C
Complaining of pain behind eyes together with nausea.,Dengue
I have waking up tired and unable to fall asleep.,Insomnia
I feel visible hole in tooth and cavity in molar.,Cavity
I feel baby crying and hot and infant teething fever.,Toddler high fever
I've been suffering from sudden weakness and facial droop for a few days.,Paralysis (brain hemorrhage)
"Started with joint pain, now I also feel dark urine.",Hepatitis B
Severe bone joint pain,Dengue
Shakiness and sweating and sudden dizziness which is getting worse.,Hypoglycemia
I have nausea and fatigue.,Alcoholic hepatitis
Complaining of fever together with jaundice.,Hepatitis E
Complaining of blisters together with honey colored crusts on skin.,Impetigo
Dealing with severe vomiting and mild fever.,Gastroenteritis
Persistent cough for 3 weeks,Tuberculosis
Dealing with severe vomiting and dark yellow urine.,Hepatitis E
Sour taste in mouth and acid reflux which is getting worse.,GERD
"Started with extreme body weakness, now I also feel headache.",Typhoid
Constant sneezing,Allergy
Experiencing nosebleeds along with dizziness.,Hypertension
Racing thoughts,Anxiety
I have fatigue and nausea.,Hepatitis A
I've been suffering from red tender gums and swollen bleeding gums for a few days.,Bleeding gums
Experiencing blackheads along with pimples on face.,Acne
I've been suffering from neck pain and neck cracking sound for a few days.,Cervical spondylosis
Experiencing swollen bleeding gums along with blood while brushing teeth.,Bleeding gums
Itchy fluid filled blisters and fever which is getting worse.,Chicken pox
I have shortness of breath and cough with green sputum.,Pneumonia
Severe menstrual cramps,Dysmenorrhea
Vomiting,Gastroenteritis
I have constant fatigue and unexplained weight gain.,Hypothyroidism
I feel fluid drainage from ear and clogged ear sensation.,Otitis Media
"Started with thick yellow nasal discharge, now I also feel facial pain under eyes.",Sinusitis
Vomiting and fever which is getting worse.,Hepatitis E
Swollen bleeding gums and blood while brushing teeth which is getting worse.,Bleeding gums
I have bloating and sour taste in mouth.,GERD
Experiencing high blood pressure along with shortness of breath.,Hypertension
I've been suffering from restlessness and nervous stomach for a few days.,Anxiety
Complaining of yellowing of eyes together with abdominal swelling.,Hepatitis C
Sharp pain in tooth and pain when chewing which is getting worse.,Toothache
I have bloating and heartburn.,GERD
"Started with abdominal swelling, now I also feel yellowing of eyes.",Hepatitis C
Complaining of sweating together with nausea.,Heart attack
Staying awake at night and waking up tired which is getting worse.,Insomnia
I feel dark urine and fatigue.,Hepatitis A
Honey colored crusts on skin and red sores around nose which is getting worse.,Impetigo
Yellowing of eyes,Hepatitis C
I have jaundice after heavy drinking and abdominal swelling.,Alcoholic hepatitis
Loss of appetite,Jaundice
Dealing with severe nervous stomach and racing thoughts.,Anxiety
I've been suffering from dark urine and loss of appetite for a few days.,Hepatitis B
Complaining of warm red joints together with swollen painful joints.,Arthritis
I feel rectal bleeding and painful bowel movements.,Dimorphic hemorrhoids(piles)
Complaining of skin peeling together with fungal patches on toes.,Fungal infection
I have fatigue and yellowing of eyes.,Hepatitis C
Constant fatigue,Hypothyroidism
I feel nosebleeds and dizziness.,Hypertension
I feel difficulty catching breath and dry cough at night.,Bronchial Asthma
I feel chest pain when breathing and high fever with chills.,Pneumonia
Experiencing vomiting along with dark yellow urine.,Hepatitis E
Complaining of tooth sensitivity to hot cold together with visible hole in tooth.,Cavity
Itchy elbows and silver scaly patches which is getting worse.,Psoriasis
I have skin plaques and itchy elbows.,Psoriasis
Dealing with severe chest pressure and nosebleeds.,Hypertension
"Started with fatigue, now I also feel loss of appetite.",Jaundice
Red itchy skin rash,Fungal infection
Experiencing dark urine along with joint pain.,Hepatitis B
Complaining of sweating together with racing heart rate.,Hyperthyroidism
Jaundice,Hepatitis A
I feel persistent cough for 3 weeks and unexplained weight loss.,Tuberculosis
I've been suffering from severe shivering and high fever with chills for a few days.,Malaria
Dealing with severe cough with green sputum and chest pain when breathing.,Pneumonia
I have swollen bleeding gums and blood while brushing teeth.,Bleeding gums
I have loss of appetite and yellow eyes.,Jaundice
Cracking knee joint and joint stiffness in morning which is getting worse.,Osteoarthritis
I have lower pelvic pain and cloudy foul urine.,Urinary tract infection
"Started with constant crying spells, now I also feel feeling empty and hopeless.",Depression
Burning sensation during urination,Urinary tract infection
Cavity in molar and visible hole in tooth which is getting worse.,Cavity
I've been suffering from rectal bleeding and painful bowel movements for a few days.,Dimorphic hemorrhoids(piles)
Complaining of itchy body rash together with sudden hives.,Drug Reaction
Sweating and headache and muscle ache which is getting worse.,Malaria
Dealing with severe nausea and shortness of breath.,Heart attack
"Started with dizziness, now I also feel sensitivity to sound.",Migraine
Ringworm spots,Fungal infection
Constant sneezing and nasal congestion which is getting worse.,Allergy
I've been suffering from loss of interest in hobbies and fatigue and low energy for a few days.,Depression
I've been suffering from baby crying and hot and toddler high temperature for a few days.,Toddler high fever
"Started with dark tea colored urine, now I also feel loss of appetite.",Jaundice
Experiencing sudden weakness along with numbness in arm.,Paralysis (brain hemorrhage)
Complaining of yellow skin color together with dark tea colored urine.,Jaundice
Itchy throat and runny nose which is getting worse.,Allergy
Dealing with severe night sweats and coughing up blood.,Tuberculosis
I've been suffering from blood while brushing teeth and red tender gums for a few days.,Bleeding gums
"Started with skin plaques, now I also feel silver scaly patches.",Psoriasis
Blisters,Impetigo
Dealing with severe tooth sensitivity to hot cold and cavity in molar.,Cavity
I have disturbed sleep and staying awake at night.,Insomnia
Experiencing fatigue along with dark tea colored urine.,Jaundice
Sweating and rapid weight loss which is getting worse.,Hyperthyroidism
Complaining of fatigue together with abdominal discomfort.,Hepatitis D
Complaining of fungal patches on toes together with dry scaly patches.,Fungal infection
Dealing with severe dry skin and unexplained weight gain.,Hypothyroidism
I feel shakiness and sweating and hunger and confusion.,Hypoglycemia
Dealing with severe rapid weight loss and anxiety and tremors.,Hyperthyroidism
Dealing with severe severe headache and shortness of breath.,Hypertension
I have swollen purple veins on legs and spider veins.,Varicose veins
Complaining of cavity in molar together with tooth sensitivity to hot cold.,Cavity
Dealing with severe pimples on face and blackheads.,Acne
Lower pelvic pain and cloudy foul urine which is getting worse.,Urinary tract infection
"Started with left arm pain, now I also feel shortness of breath.",Heart attack
Severe shivering,Malaria
Runny nose,Common Cold
I feel itchy fluid filled blisters and rash spread all over skin.,Chicken pox
Complaining of yellow skin color together with yellow eyes.,Jaundice
I have loss of appetite and yellow skin.,Hepatitis B
Experiencing facial pain under eyes along with sinus headache.,Sinusitis
Nervous stomach,Anxiety
Experiencing sinus headache along with thick yellow nasal discharge.,Sinusitis
Dealing with severe unable to fall asleep and disturbed sleep.,Insomnia
Vertigo and loss of balance which is getting worse.,(vertigo) Paroxysmal Positional Vertigo
"Started with sudden weakness, now I also feel difficulty walking.",Paralysis (brain hemorrhage)
Vomiting and watery diarrhea which is getting worse.,Gastroenteritis
I've been suffering from extreme body weakness and headache for a few days.,Typhoid
Rapid weight loss,Hyperthyroidism
Experiencing itchy fluid filled blisters along with fever.,Chicken pox
I've been suffering from numbness in fingers and arm tingling for a few days.,Cervical spondylosis
Chest burn after eating and heartburn which is getting worse.,GERD
Fatigue and low energy,Depression
Fungal patches on toes,Fungal infection
Experiencing itching in anal area along with anal lumps.,Dimorphic hemorrhoids(piles)
Experiencing heartburn along with acid reflux.,GERD
Complaining of sweating together with heat sensitivity.,Hyperthyroidism
Sudden hives,Drug Reaction
Dealing with severe ear pain and clogged ear sensation.,Otitis Media
Dizziness,Hypertension
Dealing with severe fever and dark yellow urine.,Hepatitis E
I've been suffering from abdominal swelling and jaundice after heavy drinking for a few days.,Alcoholic hepatitis
Experiencing runny nose along with constant sneezing.,Allergy
I feel sudden dizziness and hunger and confusion.,Hypoglycemia
Sweaty palms,Anxiety
I have sudden dizziness and heart palpitations.,Hypoglycemia
Complaining of body aches together with itchy fluid filled blisters.,Chicken pox
"Started with sensitivity to sound, now I also feel throbbing headache.",Migraine
Dealing with severe nausea and vomiting.,Gastroenteritis
I have red itchy skin rash and ringworm spots.,Fungal infection
I feel tooth sensitivity to hot cold and cavity in molar.,Cavity
I've been suffering from watery eyes and constant sneezing for a few days.,Allergy
Experiencing neck cracking sound along with numbness in fingers.,Cervical spondylosis
I feel clogged ear sensation and ear pain.,Otitis Media
Abdominal swelling,Alcoholic hepatitis
Dealing with severe runny nose and dry cough.,Common Cold
Hip joint stiffness and knee pain when bending which is getting worse.,Osteoarthritis
Experiencing unexplained weight loss along with coughing up blood.,Tuberculosis
Neck pain,Cervical spondylosis
Complaining of numbness in fingers together with shoulder stiffness.,Cervical spondylosis
I've been suffering from headache and muscle ache and sweating for a few days.,Malaria
I have cough with green sputum and chest pain when breathing.,Pneumonia
Dealing with severe nausea and acute chest pain.,Heart attack
I have jaundice symptoms and abdominal discomfort.,Hepatitis D
Dealing with severe joint pain and dark urine.,Hepatitis B
"Started with leg cramping at night, now I also feel swollen purple veins on legs.",Varicose veins
Complaining of joint inflammation together with warm red joints.,Arthritis
Yellow skin,Hepatitis B
Dealing with severe sweating and high fever with chills.,Malaria
Complaining of room spinning together with nausea.,(vertigo) Paroxysmal Positional Vertigo
I feel child colic and toddler high temperature.,Toddler high fever
Oily skin,Acne
Dealing with severe itchy fluid filled blisters and body aches.,Chicken pox
Experiencing sensitivity to light along with visual aura.,Migraine
"Started with unable to fall asleep, now I also feel waking up tired.",Insomnia
I feel constant crying spells and fatigue and low energy.,Depression
I feel fatigue and jaundice symptoms.,Hepatitis D
Experiencing sweaty palms along with racing thoughts.,Anxiety
I feel sweating and high fever with chills.,Malaria
I have shortness of breath and left arm pain.,Heart attack
I feel rash spread all over skin and fever.,Chicken pox
I have vertigo and room spinning.,(vertigo) Paroxysmal Positional Vertigo
Headache and muscle ache,Malaria
Dealing with severe ear pain and fluid drainage from ear.,Otitis Media
"Started with cough with green sputum, now I also feel chest pain when breathing.",Pneumonia
I have fatigue and low energy and feeling empty and hopeless.,Depression
Blisters and fluid filled bumps which is getting worse.,Impetigo
Complaining of swollen painful joints together with stiff fingers.,Arthritis
Hip joint stiffness,Osteoarthritis
"Started with severe bone joint pain, now I also feel high fever.",Dengue
Complaining of nausea together with vomiting.,Gastroenteritis
I've been suffering from thick yellow nasal discharge and nasal blockage for a few days.,Sinusitis
"Started with constant fatigue, now I also feel unexplained weight gain.",Hypothyroidism
Complaining of headache and muscle ache together with sweating.,Malaria
Vomiting,Hepatitis E
I've been suffering from skin plaques and dry cracked skin for a few days.,Psoriasis
Experiencing jaundice symptoms along with fatigue.,Hepatitis D
Complaining of abdominal pain under ribs together with fatigue.,Hepatitis A
Leg cramping at night,Varicose veins
Complaining of restlessness together with sweaty palms.,Anxiety
I feel heart palpitations and shakiness and sweating.,Hypoglycemia
Persistent cough for 3 weeks and coughing up blood which is getting worse.,Tuberculosis
Experiencing pain when chewing along with gum sensitivity.,Toothache
Experiencing fungal patches on toes along with dry scaly patches.,Fungal infection
I feel vomiting and fever.,Hepatitis E
Complaining of leg cramping at night together with swollen purple veins on legs.,Varicose veins
Experiencing pelvic cramps during cycle along with severe menstrual cramps.,Dysmenorrhea
I feel wheezing and dry cough at night.,Bronchial Asthma
"Started with visible hole in tooth, now I also feel tooth sensitivity to hot cold.",Cavity
Dealing with severe honey colored crusts on skin and blisters.,Impetigo
Sour taste in mouth,GERD
I feel loss of balance and vertigo.,(vertigo) Paroxysmal Positional Vertigo
"Started with anxiety and tremors, now I also feel racing heart rate.",Hyperthyroidism
Experiencing difficulty walking along with sudden weakness.,Paralysis (brain hemorrhage)
I've been suffering from itchy body rash and skin peeling for a few days.,Drug Reaction
"Started with abdominal discomfort, now I also feel jaundice symptoms.",Hepatitis D
I feel severe menstrual cramps and heavy period bleeding.,Dysmenorrhea
Complaining of sudden dizziness together with shakiness and sweating.,Hypoglycemia
Tooth nerve throbbing,Toothache
"Started with dark tea colored urine, now I also feel yellow eyes.",Jaundice
"Started with dry scaly patches, now I also feel fungal patches on toes.",Fungal infection
I've been suffering from fatigue and yellow skin color for a few days.,Jaundice
Complaining of sudden hives together with itchy body rash.,Drug Reaction
I have toddler high temperature and infant teething fever.,Toddler high fever
Warm red joints,Arthritis
I have sudden dizziness and shakiness and sweating.,Hypoglycemia
Fatigue and dark urine which is getting worse.,Hepatitis A
Complaining of rash spread all over skin together with body aches.,Chicken pox
Dealing with severe stomach cramps and vomiting.,Gastroenteritis
Experiencing racing thoughts along with nervous stomach.,Anxiety
Cloudy foul urine and burning sensation during urination which is getting worse.,Urinary tract infection
Red tender gums,Bleeding gums
Skin plaques,Psoriasis
Visible hole in tooth,Cavity
Complaining of cavity in molar together with tooth sensitivity to hot cold.,Cavity
Experiencing joint stiffness in morning along with knee pain when bending.,Osteoarthritis
Dry scaly patches and skin peeling which is getting worse.,Fungal infection
I feel difficulty catching breath and chest tightness when breathing.,Bronchial Asthma
I feel coughing up blood and unexplained weight loss.,Tuberculosis
Blood while brushing teeth and swollen bleeding gums which is getting worse.,Bleeding gums
"Started with swollen purple veins on legs, now I also feel leg cramping at night.",Varicose veins
"Started with shortness of breath, now I also feel sweating.",Heart attack
I've been suffering from jaundice and dark yellow urine for a few days.,Hepatitis E
Mild fever,Common Cold
Complaining of mild fever together with sneezing.,Common Cold
I have facial pain under eyes and thick yellow nasal discharge.,Sinusitis
Constipation,Typhoid
I have honey colored crusts on skin and blisters.,Impetigo
High fever with chills and shortness of breath which is getting worse.,Pneumonia
Dealing with severe toddler high temperature and child colic.,Toddler high fever
I've been suffering from constant fatigue and unexplained weight gain for a few days.,Hypothyroidism
Complaining of shortness of breath together with chest pressure.,Hypertension
I've been suffering from dark yellow urine and jaundice for a few days.,Hepatitis E
Arm tingling,Cervical spondylosis
I've been suffering from pain when chewing and tooth nerve throbbing for a few days.,Toothache
Experiencing runny nose along with itchy throat.,Allergy
I have pain when chewing and gum sensitivity.,Toothache
Complaining of cough with green sputum together with shortness of breath.,Pneumonia
Complaining of loss of interest in hobbies together with constant crying spells.,Depression
Chest tightness when breathing and dry cough at night which is getting worse.,Bronchial Asthma
Dealing with severe wheezing and chest tightness when breathing.,Bronchial Asthma
"Started with headache and muscle ache, now I also feel high fever with chills.",Malaria
Experiencing dry cough at night along with wheezing.,Bronchial Asthma
Sensitivity to sound,Migraine
I feel pain behind eyes and severe bone joint pain.,Dengue
I've been suffering from itching in anal area and anal lumps for a few days.,Dimorphic hemorrhoids(piles)
I have bloating and chest burn after eating.,GERD
Fatigue,Alcoholic hepatitis
I've been suffering from heat sensitivity and sweating for a few days.,Hyperthyroidism
Fungal patches on toes and dry scaly patches which is getting worse.,Fungal infection
I feel yellowing of eyes and fatigue.,Hepatitis C
Shortness of breath,Pneumonia
Complaining of fatigue together with jaundice symptoms.,Hepatitis D
Experiencing rectal bleeding along with painful bowel movements.,Dimorphic hemorrhoids(piles)
Cavity in molar,Cavity
Constant panic feeling and sweaty palms which is getting worse.,Anxiety
I feel blisters and honey colored crusts on skin.,Impetigo
Abdominal swelling,Hepatitis C
I have high fever with chills and headache and muscle ache.,Malaria
Complaining of runny nose together with nasal congestion.,Allergy
"Started with racing thoughts, now I also feel constant panic feeling.",Anxiety
Skin peeling,Drug Reaction
Complaining of knee pain when bending together with hip joint stiffness.,Osteoarthritis
Experiencing visual aura along with sensitivity to light.,Migraine
Experiencing itchy fluid filled blisters along with body aches.,Chicken pox
I have facial droop and numbness in arm.,Paralysis (brain hemorrhage)
Sweating and anxiety and tremors which is getting worse.,Hyperthyroidism
Complaining of swollen lips after medicine together with itchy body rash.,Drug Reaction
Swollen lips after medicine and sudden hives which is getting worse.,Drug Reaction
Experiencing staying awake at night along with disturbed sleep.,Insomnia
Complaining of fatigue and low energy together with constant crying spells.,Depression
I feel restlessness and nervous stomach.,Anxiety
Dealing with severe fatigue and nausea.,Alcoholic hepatitis
I've been suffering from acid reflux and bloating for a few days.,GERD
High blood pressure and severe headache which is getting worse.,Hypertension
"Started with oily skin, now I also feel inflamed red bumps.",Acne
High fever with chills and cough with green sputum which is getting worse.,Pneumonia
Waking up tired,Insomnia
Dark urine,Hepatitis A
I've been suffering from nasal blockage and facial pain under eyes for a few days.,Sinusitis
I feel fever and vomiting.,Hepatitis E
I feel extreme body weakness and headache.,Typhoid
I feel swollen bleeding gums and red tender gums.,Bleeding gums
Dealing with severe bloating and chest burn after eating.,GERD
Shortness of breath and chest pain when breathing which is getting worse.,Pneumonia
Heavy period bleeding,Dysmenorrhea
I feel waking up tired and unable to fall asleep.,Insomnia
Dealing with severe baby crying and hot and infant teething fever.,Toddler high fever
I feel hearing muffling and ear pain.,Otitis Media
Experiencing severe headache along with chest pressure.,Hypertension
I feel high fever with chills and chest pain when breathing.,Pneumonia
I've been suffering from fluid filled bumps and blisters for a few days.,Impetigo
I feel abdominal pain under ribs and nausea.,Hepatitis A
Experiencing high blood pressure along with shortness of breath.,Hypertension
Nausea and abdominal swelling which is getting worse.,Alcoholic hepatitis
Experiencing unexplained weight gain along with dry skin.,Hypothyroidism
Dealing with severe nausea and fatigue.,Alcoholic hepatitis
Experiencing leg cramping at night along with spider veins.,Varicose veins
I feel anxiety and tremors and sweating.,Hyperthyroidism
I've been suffering from clogged ear sensation and hearing muffling for a few days.,Otitis Media
Thick yellow nasal discharge and facial pain under eyes which is getting worse.,Sinusitis
I have anxiety and tremors and heat sensitivity.,Hyperthyroidism
Complaining of dry skin together with cold sensitivity.,Hypothyroidism
I feel stomach cramps and nausea.,Gastroenteritis
Throbbing headache,Migraine
Experiencing severe menstrual cramps along with lower abdominal pain.,Dysmenorrhea
I feel fungal patches on toes and skin peeling.,Fungal infection
Toddler high temperature and child colic which is getting worse.,Toddler high fever
Complaining of itchy throat together with runny nose.,Allergy
Experiencing red tender gums along with swollen bleeding gums.,Bleeding gums
Experiencing red tender gums along with blood while brushing teeth.,Bleeding gums
Nausea and fatigue which is getting worse.,Hepatitis A
Experiencing joint stiffness in morning along with knee pain when bending.,Osteoarthritis
"Started with high fever, now I also feel pain behind eyes.",Dengue
Aching heavy legs and swollen purple veins on legs which is getting worse.,Varicose veins
"Started with jaundice after heavy drinking, now I also feel fatigue.",Alcoholic hepatitis
I feel fever and rash spread all over skin.,Chicken pox
Experiencing dizziness along with sensitivity to sound.,Migraine
Red sores around nose,Impetigo
Wheezing,Bronchial Asthma
Abdominal swelling and fatigue which is getting worse.,Hepatitis C
"Started with headache, now I also feel extreme body weakness.",Typhoid
I feel cavity in molar and visible hole in tooth.,Cavity
Lower abdominal pain,Dysmenorrhea
"Started with congested sinus, now I also feel dry cough.",Common Cold
I feel cold sensitivity and dry skin.,Hypothyroidism
I've been suffering from facial droop and numbness in arm for a few days.,Paralysis (brain hemorrhage)
I've been suffering from extreme body weakness and stomach pain for a few days.,Typhoid
I've been suffering from sensitivity to light and sensitivity to sound for a few days.,Migraine
"Started with baby crying and hot, now I also feel toddler high temperature.",Toddler high fever
Complaining of loss of balance together with dizziness.,(vertigo) Paroxysmal Positional Vertigo
I've been suffering from dry cough and sneezing for a few days.,Common Cold
Dealing with severe cough with green sputum and shortness of breath.,Pneumonia
I feel knee pain when bending and cracking knee joint.,Osteoarthritis
Nausea,Migraine
I've been suffering from dark yellow urine and vomiting for a few days.,Hepatitis E
Complaining of blisters together with honey colored crusts on skin.,Impetigo
I've been suffering from dry cough at night and difficulty catching breath for a few days.,Bronchial Asthma
Fatigue,Hepatitis D
I feel unable to fall asleep and waking up tired.,Insomnia
I have loss of balance and room spinning.,(vertigo) Paroxysmal Positional Vertigo
Dealing with severe nasal congestion and itchy throat.,Allergy
Jaundice symptoms and fatigue which is getting worse.,Hepatitis D
Dizziness,(vertigo) Paroxysmal Positional Vertigo
I have heartburn and chest burn after eating.,GERD
Experiencing fatigue along with abdominal discomfort.,Hepatitis D
I feel loss of appetite and yellow skin.,Hepatitis B
I have dry cough at night and wheezing.,Bronchial Asthma
"Started with nasal blockage, now I also feel facial pain under eyes.",Sinusitis
Nausea and red skin spots which is getting worse.,Dengue
Complaining of swollen painful joints together with joint inflammation.,Arthritis
Experiencing dry scaly patches along with ringworm spots.,Fungal infection
I've been suffering from loss of appetite and yellow skin color for a few days.,Jaundice
Frequent urge to urinate and lower pelvic pain which is getting worse.,Urinary tract infection
Complaining of nervous stomach together with restlessness.,Anxiety
Complaining of severe bone joint pain together with high fever.,Dengue
Experiencing loss of interest in hobbies along with constant crying spells.,Depression
Red sores around nose and fluid filled bumps which is getting worse.,Impetigo
"Started with clogged ear sensation, now I also feel ear pain.",Otitis Media
"Started with oily skin, now I also feel inflamed red bumps.",Acne
I feel nausea and dark urine.,Hepatitis B
"Started with heavy period bleeding, now I also feel pelvic cramps during cycle.",Dysmenorrhea
Staying awake at night and disturbed sleep which is getting worse.,Insomnia
I feel staying awake at night and disturbed sleep.,Insomnia
Dealing with severe gum sensitivity and sharp pain in tooth.,Toothache
I have heat sensitivity and anxiety and tremors.,Hyperthyroidism
I've been suffering from bloating and acid reflux for a few days.,GERD
Rectal bleeding and itching in anal area which is getting worse.,Dimorphic hemorrhoids(piles)
I feel fatigue and dark urine.,Hepatitis A
I feel sudden weakness and numbness in arm.,Paralysis (brain hemorrhage)
I have constant fatigue and cold sensitivity.,Hypothyroidism
I feel constant fatigue and dry skin.,Hypothyroidism
"Started with nausea, now I also feel mild fever.",Gastroenteritis
Complaining of dizziness together with sensitivity to sound.,Migraine
Complaining of difficulty catching breath together with dry cough at night.,Bronchial Asthma
Dealing with severe swollen lips after medicine and itchy body rash.,Drug Reaction
Complaining of dry cough at night together with wheezing.,Bronchial Asthma
Complaining of heavy period bleeding together with pelvic cramps during cycle.,Dysmenorrhea
I feel cracking knee joint and knee pain when bending.,Osteoarthritis
Sensitivity to sound and visual aura which is getting worse.,Migraine
Fatigue and abdominal pain under ribs which is getting worse.,Hepatitis A
Dealing with severe dark urine and loss of appetite.,Hepatitis B
Watery diarrhea,Gastroenteritis
Burning sensation during urination and frequent urge to urinate which is getting worse.,Urinary tract infection
Yellow skin color,Jaundice
Dealing with severe itching in anal area and rectal bleeding.,Dimorphic hemorrhoids(piles)
Complaining of rectal bleeding together with anal lumps.,Dimorphic hemorrhoids(piles)
Experiencing lower abdominal pain along with heavy period bleeding.,Dysmenorrhea
"Started with pimples on face, now I also feel inflamed red bumps.",Acne
Complaining of inflamed red bumps together with oily skin.,Acne
I've been suffering from blackheads and inflamed red bumps for a few days.,Acne
I've been suffering from swollen lips after medicine and skin peeling for a few days.,Drug Reaction
I've been suffering from skin peeling and itchy body rash for a few days.,Drug Reaction
I feel yellow skin color and fatigue.,Jaundice
Complaining of skin plaques together with itchy elbows.,Psoriasis
"Started with shakiness and sweating, now I also feel heart palpitations.",Hypoglycemia
I've been suffering from painful bowel movements and anal lumps for a few days.,Dimorphic hemorrhoids(piles)
Experiencing high blood pressure along with severe headache.,Hypertension
"Started with headache, now I also feel extreme body weakness.",Typhoid
Fever,Hepatitis E
I feel pelvic cramps during cycle and heavy period bleeding.,Dysmenorrhea
Experiencing sweaty palms along with constant panic feeling.,Anxiety
I feel night sweats and coughing up blood.,Tuberculosis
Chest tightness when breathing,Bronchial Asthma
"Started with unexplained weight loss, now I also feel coughing up blood.",Tuberculosis
Dealing with severe stomach cramps and vomiting.,Gastroenteritis
I feel fungal patches on toes and ringworm spots.,Fungal infection
I've been suffering from nausea and loss of balance for a few days.,(vertigo) Paroxysmal Positional Vertigo
I feel shakiness and sweating and heart palpitations.,Hypoglycemia
"Started with infant teething fever, now I also feel child colic.",Toddler high fever
I have swollen lips after medicine and sudden hives.,Drug Reaction
Congested sinus and sneezing which is getting worse.,Common Cold
I've been suffering from high fever with chills and sweating for a few days.,Malaria
I feel numbness in fingers and neck pain.,Cervical spondylosis
Fatigue and loss of appetite which is getting worse.,Jaundice
Numbness in arm,Paralysis (brain hemorrhage)
Dealing with severe fluid filled bumps and blisters.,Impetigo
Sneezing,Common Cold
I feel sinus headache and thick yellow nasal discharge.,Sinusitis
I have knee pain when bending and cracking knee joint.,Osteoarthritis
I have hip joint stiffness and knee pain when bending.,Osteoarthritis
Complaining of nausea together with red skin spots.,Dengue
Dealing with severe dry cracked skin and itchy elbows.,Psoriasis
I've been suffering from swollen lips after medicine and sudden hives for a few days.,Drug Reaction
Dry skin and cold sensitivity which is getting worse.,Hypothyroidism
I feel jaundice symptoms and abdominal discomfort.,Hepatitis D
Dealing with severe shortness of breath and chest pain when breathing.,Pneumonia
Experiencing nausea along with fatigue.,Hepatitis C
I have sensitivity to sound and sensitivity to light.,Migraine
I have watery diarrhea and stomach cramps.,Gastroenteritis
Experiencing shoulder stiffness along with neck cracking sound.,Cervical spondylosis
Experiencing constant crying spells along with loss of interest in hobbies.,Depression
I feel dark urine and abdominal pain under ribs.,Hepatitis A
"Started with itchy fluid filled blisters, now I also feel fever.",Chicken pox
Dealing with severe chest pain when breathing and cough with green sputum.,Pneumonia
I feel abdominal pain under ribs and nausea.,Hepatitis A
I feel fatigue and jaundice after heavy drinking.,Alcoholic hepatitis
Fatigue and yellow skin color which is getting worse.,Jaundice
"Started with jaundice, now I also feel fever.",Hepatitis E
Dealing with severe mild fever and vomiting.,Gastroenteritis
Experiencing room spinning along with nausea.,(vertigo) Paroxysmal Positional Vertigo
Experiencing unexplained weight loss along with night sweats.,Tuberculosis
I feel ear pain and fluid drainage from ear.,Otitis Media
Dealing with severe heart palpitations and hunger and confusion.,Hypoglycemia
Dealing with severe fatigue and abdominal swelling.,Alcoholic hepatitis
Complaining of blood while brushing teeth together with red tender gums.,Bleeding gums
"Started with skin peeling, now I also feel red itchy skin rash.",Fungal infection
Unexplained weight gain,Hypothyroidism
Watery eyes,Allergy
Headache and vertigo which is getting worse.,(vertigo) Paroxysmal Positional Vertigo
Dealing with severe high fever with chills and cough with green sputum.,Pneumonia
Experiencing burning sensation during urination along with frequent urge to urinate.,Urinary tract infection
Complaining of clogged ear sensation together with ear pain.,Otitis Media
Spider veins,Varicose veins
Nausea,Hepatitis A
Nausea,Dengue
Experiencing cloudy foul urine along with frequent urge to urinate.,Urinary tract infection
I feel sudden weakness and difficulty walking.,Paralysis (brain hemorrhage)
Dealing with severe pain behind eyes and severe bone joint pain.,Dengue
I've been suffering from warm red joints and swollen painful joints for a few days.,Arthritis
Acid reflux,GERD
I've been suffering from sour taste in mouth and chest burn after eating for a few days.,GERD
Chest burn after eating,GERD
"Started with stiff fingers, now I also feel joint inflammation.",Arthritis
"Started with mild fever, now I also feel nausea.",Gastroenteritis
Complaining of abdominal swelling together with nausea.,Alcoholic hepatitis
I feel ringworm spots and red itchy skin rash.,Fungal infection
I feel frequent urge to urinate and cloudy foul urine.,Urinary tract infection
Complaining of dark urine together with nausea.,Hepatitis B
I've been suffering from jaundice and nausea for a few days.,Hepatitis A
Dry cough at night,Bronchial Asthma
"Started with unable to fall asleep, now I also feel staying awake at night.",Insomnia
Dealing with severe skin plaques and silver scaly patches.,Psoriasis
Fatigue and jaundice which is getting worse.,Hepatitis A
Complaining of arm tingling together with neck pain.,Cervical spondylosis
"Started with constant crying spells, now I also feel feeling empty and hopeless.",Depression
Knee pain when bending and hip joint stiffness which is getting worse.,Osteoarthritis
Nasal blockage,Sinusitis
Shortness of breath and acute chest pain which is getting worse.,Heart attack
Cystic breakouts,Acne
I've been suffering from dry cough and congested sinus for a few days.,Common Cold
Dark urine,Hepatitis B
I have leg cramping at night and swollen purple veins on legs.,Varicose veins
I have heat sensitivity and anxiety and tremors.,Hyperthyroidism
Dealing with severe red itchy skin rash and fungal patches on toes.,Fungal infection
I have severe shivering and high fever with chills.,Malaria
"Started with nosebleeds, now I also feel chest pressure.",Hypertension
"Started with tooth sensitivity to hot cold, now I also feel visible hole in tooth.",Cavity
Complaining of numbness in arm together with slurred speech.,Paralysis (brain hemorrhage)
I have itchy throat and constant sneezing.,Allergy
Nausea and loss of appetite which is getting worse.,Hepatitis B
I've been suffering from coughing up blood and unexplained weight loss for a few days.,Tuberculosis
Shortness of breath and high fever with chills which is getting worse.,Pneumonia
"Started with stomach cramps, now I also feel watery diarrhea.",Gastroenteritis
"Started with sudden weakness, now I also feel facial droop.",Paralysis (brain hemorrhage)
Pimples on face,Acne
Experiencing rash spread all over skin along with body aches.,Chicken pox
Constant crying spells and loss of interest in hobbies which is getting worse.,Depression
Complaining of lower abdominal pain together with severe menstrual cramps.,Dysmenorrhea
I feel hunger and confusion and shakiness and sweating.,Hypoglycemia
I've been suffering from jaundice after heavy drinking and abdominal swelling for a few days.,Alcoholic hepatitis
"Started with coughing up blood, now I also feel unexplained weight loss.",Tuberculosis
Experiencing chest tightness when breathing along with wheezing.,Bronchial Asthma
Swollen painful joints and stiff fingers which is getting worse.,Arthritis
Facial pain under eyes,Sinusitis
I've been suffering from pain when chewing and gum sensitivity for a few days.,Toothache
Shakiness and sweating,Hypoglycemia
I have facial droop and numbness in arm.,Paralysis (brain hemorrhage)
Dealing with severe watery eyes and nasal congestion.,Allergy
"Started with severe shivering, now I also feel sweating.",Malaria
"Started with unexplained weight gain, now I also feel cold sensitivity.",Hypothyroidism
Knee pain when bending,Osteoarthritis
I have headache and muscle ache and sweating.,Malaria
I've been suffering from sensitivity to sound and nausea for a few days.,Migraine
I feel nausea and dark urine.,Hepatitis B
Experiencing unexplained weight gain along with cold sensitivity.,Hypothyroidism
I feel aching heavy legs and leg cramping at night.,Varicose veins
Experiencing gum sensitivity along with sharp pain in tooth.,Toothache
"Started with fungal patches on toes, now I also feel skin peeling.",Fungal infection
Coughing up blood,Tuberculosis
I've been suffering from neck pain and numbness in fingers for a few days.,Cervical spondylosis
"Started with itchy throat, now I also feel constant sneezing.",Allergy
Sudden dizziness,Hypoglycemia
Experiencing cracking knee joint along with hip joint stiffness.,Osteoarthritis
Swollen bleeding gums,Bleeding gums
Experiencing numbness in fingers along with neck pain.,Cervical spondylosis
Complaining of oily skin together with blackheads.,Acne
Cloudy foul urine,Urinary tract infection
Complaining of racing thoughts together with restlessness.,Anxiety
Experiencing chest tightness along with left arm pain.,Heart attack
Constant crying spells and feeling empty and hopeless which is getting worse.,Depression
I have visual aura and dizziness.,Migraine
Complaining of shoulder stiffness together with numbness in fingers.,Cervical spondylosis
Continuous high fever,Typhoid
Dealing with severe constant sneezing and itchy throat.,Allergy
I feel hearing muffling and fluid drainage from ear.,Otitis Media
I have anal lumps and itching in anal area.,Dimorphic hemorrhoids(piles)
Joint pain,Hepatitis B
Complaining of oily skin together with pimples on face.,Acne
I feel heartburn and bloating.,GERD
I've been suffering from nausea and jaundice after heavy drinking for a few days.,Alcoholic hepatitis
I've been suffering from red tender gums and swollen bleeding gums for a few days.,Bleeding gums
Dealing with severe bloating and chest burn after eating.,GERD
Fatigue,Hepatitis C
Complaining of yellow skin color together with loss of appetite.,Jaundice
I feel hip joint stiffness and cracking knee joint.,Osteoarthritis
Dark tea colored urine and yellow eyes which is getting worse.,Jaundice
Pain behind eyes,Dengue
I feel nausea and mild fever.,Gastroenteritis
Complaining of numbness in arm together with difficulty walking.,Paralysis (brain hemorrhage)
Chest pressure,Hypertension
Dealing with severe cystic breakouts and blackheads.,Acne
I have child colic and baby crying and hot.,Toddler high fever
Dealing with severe blood while brushing teeth and swollen bleeding gums.,Bleeding gums
"Started with loss of balance, now I also feel room spinning.",(vertigo) Paroxysmal Positional Vertigo
Complaining of child colic together with baby crying and hot.,Toddler high fever
I have thick yellow nasal discharge and sinus headache.,Sinusitis
I have burning sensation during urination and frequent urge to urinate.,Urinary tract infection
Experiencing dizziness along with severe headache.,Hypertension
"Started with high fever, now I also feel red skin spots.",Dengue
Experiencing pain when chewing along with sharp pain in tooth.,Toothache
I've been suffering from sudden dizziness and hunger and confusion for a few days.,Hypoglycemia
I feel red itchy skin rash and ringworm spots.,Fungal infection
I feel shakiness and sweating and hunger and confusion.,Hypoglycemia
I have cracking knee joint and hip joint stiffness.,Osteoarthritis
Dealing with severe restlessness and constant panic feeling.,Anxiety
